source_type,source_name,subreddit,url,canonical_url,title,text,author,published_at,score,comments,language,token_count,predicted_label,label_scores,fetched_at
news,reuters_world,,https://www.reuters.com/world/#main-content,https://www.reuters.com/world/#main-content,,"category
·
September 10, 2025
·  ago
Poland shot down suspected Russian drones in its airspace on Wednesday with the backing of aircraft from its NATO allies, the first time a member of the Western military alliance is known to have fired shots during Russia's war in Ukraine.",,,,,,,,,2025-09-11T00:15:20
news,reuters_world,,https://www.reuters.com/differentiator/,https://www.reuters.com/differentiator/,,"Reuters and LSEG: an exclusive partnership
LSEG is sole provider of Reuters News to the global financial marketplace.
Financial market professionals get the full power of Reuters News, including exclusive access to specialist financial coverage and breaking news alerts, optimised for their needs with industry-leading real-time data, analytics and workflow tools only via LSEG products.",,,,,,,,,2025-09-11T00:15:23
news,reuters_world,,https://www.reuters.com/,https://www.reuters.com/,,"ago
Oracle shares surged about 43% to a record high on Wednesday, putting the company on track to join the elite trillion-dollar club and propelling co-founder Larry Ellison closer to the top of the world's richest list.
ago
Klarna shares jumped 30% in their hotly anticipated New York debut, valuing the Swedish fintech at $19.65 billion, ending the company's years-long wait for a listing and underscoring a rebound in the broader U.S. IPO market.
ago
Apple CEO Tim Cook channeled his predecessor and design genius Steve Jobs on Tuesday when he unveiled the iPhone Air, the company's slimmest handset yet and the biggest change in eight years to a lineup fans and analysts complained was stagnating.",,,,,,,,,2025-09-11T00:15:25
news,reuters_world,,https://www.reuters.com/world/,https://www.reuters.com/world/,,"category
·
September 10, 2025
·  ago
Poland shot down suspected Russian drones in its airspace on Wednesday with the backing of aircraft from its NATO allies, the first time a member of the Western military alliance is known to have fired shots during Russia's war in Ukraine.",,,,,,,,,2025-09-11T00:15:26
news,reuters_world,,https://www.reuters.com/world/africa/,https://www.reuters.com/world/africa/,,"Africa
category
·
September 10, 2025
·  ago
Governments in sub-Saharan Africa have provided school meals to roughly 20 million extra children over the past two years, the World Food Programme (WFP) said on Wednesday, showing a move away from dependence on foreign aid and a stronger commitment to education.",,,,,,,,,2025-09-11T00:15:28
news,reuters_world,,https://www.reuters.com/world/americas/,https://www.reuters.com/world/americas/,,"category
·
September 10, 2025
·  ago
China has approved imports of Brazilian sorghum, an official at Brazil's Agriculture Ministry told Reuters, adding the first cargos could be shipped this year, providing an alternative to plunging U.S. exports sooner than expected by many.",,,,,,,,,2025-09-11T00:15:31
news,reuters_world,,https://www.reuters.com/world/asia-pacific/,https://www.reuters.com/world/asia-pacific/,,"Asia Pacific
category
·
September 10, 2025
·  ago
Soldiers guarded Nepal's parliament and patrolled deserted streets on Wednesday with the capital Kathmandu under a curfew, after two days of deadly anti-corruption protests forced Prime Minister K.P. Sharma Oli to resign.",,,,,,,,,2025-09-11T00:15:32
news,reuters_world,,https://www.reuters.com/world/china/,https://www.reuters.com/world/china/,,"category
·
September 10, 2025
·  ago
China has approved imports of Brazilian sorghum, an official at Brazil's Agriculture Ministry told Reuters, adding the first cargos could be shipped this year, providing an alternative to plunging U.S. exports sooner than expected by many.",,,,,,,,,2025-09-11T00:15:34
news,reuters_world,,https://www.reuters.com/world/europe/,https://www.reuters.com/world/europe/,,"United Kingdom
category
·
September 10, 2025
·  ago
Britain's ambassador to the U.S., Peter Mandelson, has said he deeply regrets ever meeting convicted sex offender Jeffrey Epstein and that he had carried on that association ""for far longer than I should have done"".",,,,,,,,,2025-09-11T00:15:37
news,reuters_world,,https://www.reuters.com/world/india/,https://www.reuters.com/world/india/,,"India
category
·
September 10, 2025
·  ago
Trump, in a marked shift of tone, said he looked forward to speaking to Modi in the ""upcoming weeks"" and expressed optimism that they could finalize a trade deal.",,,,,,,,,2025-09-11T00:15:39
news,reuters_world,,https://www.reuters.com/world/israel-hamas/,https://www.reuters.com/world/israel-hamas/,,Teachers at the Edward Said National Conservatory of Music continue classes from displacement camps and shattered buildings even after Israel’s bombardments forced them to abandon the school’s main building.,,,,,,,,,2025-09-11T00:15:40
news,reuters_world,,https://www.reuters.com/world/japan/,https://www.reuters.com/world/japan/,,"category
·
September 11, 2025 · 12:04 AM UTC
·  ago
Japan's wholesale prices rose 2.7% in the year to August, data showed on Thursday, accelerating from the previous month in a sign of sticky inflationary pressure in the world's fourth-largest economy.",,,,,,,,,2025-09-11T00:15:42
news,reuters_world,,https://www.reuters.com/world/middle-east/,https://www.reuters.com/world/middle-east/,,"Middle East
category
·
September 10, 2025
·  ago
Tunisia said on Wednesday the ""assault"" on a ship at Sidi Bou Said port was ""orchestrated,"" after the Global Sumud Flotilla, preparing to deliver aid to Gaza, reported one of its boats was attacked by a drone in the second such strike in two days.",,,,,,,,,2025-09-11T00:15:45
news,reuters_world,,https://www.reuters.com/world/ukraine-russia-war/,https://www.reuters.com/world/ukraine-russia-war/,,"Russia’s invasion of Ukraine started the deadliest war on European soil in more than 70 years.
Poland shot down suspected Russian drones in its airspace on Wednesday with the backing of aircraft from its NATO allies, the first time a member of the Western military alliance is known to have fired shots during Russia's war in Ukraine.
Ukrainian President Volodymyr Zelenskiy said on Wednesday that at least eight Russian drones were aimed towards Poland during Russian attacks overnight.
In the dark, brick-walled basement of the Kharkiv National Academic Opera and Ballet Theatre, a dance company has created a space protected from drones and bombs.
REUTERS / marko djurica
A suspected Russian drone incursion in Poland on Wednesday, which provoked deep alarm as Moscow's war in Ukraine spilled onto the territory of a NATO member, was conducted at least in part with Gerbera drones, according to a Polish army official.
Reuters, the news and media division of Thomson Reuters, is the world’s largest multimedia news provider, reaching billions of people worldwide every day. Reuters provides business, financial, national and international news to professionals via desktop terminals, the world's media organizations, industry events and directly to consumers.
Access unmatched financial data, news and content in a highly-customised workflow experience on desktop, web and mobile.
Browse an unrivalled portfolio of real-time and historical market data and insights from worldwide sources and experts.
Screen for heightened risk individual and entities globally to help uncover hidden risks in business relationships and human networks.
All quotes delayed a minimum of 15 minutes. See here for a complete list of exchanges and delays.
© 2025 Reuters. All rights reserved",,,,,,,,,2025-09-11T00:15:47
news,reuters_world,,https://www.reuters.com/world/uk/,https://www.reuters.com/world/uk/,,"United Kingdom
category
·
September 10, 2025
·  ago
Britain's ambassador to the U.S., Peter Mandelson, has said he deeply regrets ever meeting convicted sex offender Jeffrey Epstein and that he had carried on that association ""for far longer than I should have done"".",,,,,,,,,2025-09-11T00:15:49
news,reuters_world,,https://www.reuters.com/world/us/,https://www.reuters.com/world/us/,,"Kirk, an activist and the founder of conservative student group Turning Point USA, played a key role in driving youth support for Trump in November.
Reuters, the news and media division of Thomson Reuters, is the world’s largest multimedia news provider, reaching billions of people worldwide every day. Reuters provides business, financial, national and international news to professionals via desktop terminals, the world's media organizations, industry events and directly to consumers.
Access unmatched financial data, news and content in a highly-customised workflow experience on desktop, web and mobile.
Browse an unrivalled portfolio of real-time and historical market data and insights from worldwide sources and experts.
Screen for heightened risk individual and entities globally to help uncover hidden risks in business relationships and human networks.
All quotes delayed a minimum of 15 minutes. See here for a complete list of exchanges and delays.
© 2025 Reuters. All rights reserved",,,,,,,,,2025-09-11T00:15:51
news,reuters_world,,https://www.reuters.com/world/reuters-next/,https://www.reuters.com/world/reuters-next/,,"A global, diverse conversation about the world's biggest stories
Reuters NEXT Asia convened 350 global leaders to address the greatest challenges and opportunities facing the world.
Event
July 8-9 2025 · Singapore
Event
Oct 22, 2025 · Abu Dhabi
Event
Dec 3-4, 2025 · New York
Jamie McGeever
Reuters, the news and media division of Thomson Reuters, is the world’s largest multimedia news provider, reaching billions of people worldwide every day. Reuters provides business, financial, national and international news to professionals via desktop terminals, the world's media organizations, industry events and directly to consumers.
Access unmatched financial data, news and content in a highly-customised workflow experience on desktop, web and mobile.
Browse an unrivalled portfolio of real-time and historical market data and insights from worldwide sources and experts.
Screen for heightened risk individual and entities globally to help uncover hidden risks in business relationships and human networks.
All quotes delayed a minimum of 15 minutes. See here for a complete list of exchanges and delays.
© 2025 Reuters. All rights reserved",,,,,,,,,2025-09-11T00:15:53
news,reuters_world,,https://www.reuters.com/business/,https://www.reuters.com/business/,,"Business
category
·
September 10, 2025
·  ago
Oracle shares surged about 43% to a record high on Wednesday, putting the company on track to join the elite trillion-dollar club and propelling co-founder Larry Ellison closer to the top of the world's richest list.",,,,,,,,,2025-09-11T00:15:55
news,reuters_world,,https://www.reuters.com/business/aerospace-defense/,https://www.reuters.com/business/aerospace-defense/,,"Aerospace & Defense
category
·
September 10, 2025
·  ago
Poland shot down suspected Russian drones in its airspace on Wednesday with the backing of aircraft from its NATO allies, the first time a member of the Western military alliance is known to have fired shots during Russia's war in Ukraine.",,,,,,,,,2025-09-11T00:15:57
news,reuters_world,,https://www.reuters.com/business/autos-transportation/,https://www.reuters.com/business/autos-transportation/,,"Toyota Motor will start making two battery-powered sport utility vehicles at its U.S. Kentucky plant, as part of a move to improve manufacturing efficiency and better serve market demand, the Japanese automaker said.
Trump victory could ease regulatory path for Musk’s robotaxi, but hurdles remain

How Musk's clout with Trump could enrich his companies

Tesla's robotaxi push hinges on 'black box' AI gamble

Volkswagen's labour clash spotlights Europe's car factory conundrum

Musk embraces Trump and scorns subsidie s. But Tesla still lobbies for US benefits

Leasing model behind Europe's EV drive at risk of breakdown

The inside story of Elon Musk’s mass firings of Tesla Supercharger staff

Exclusive: In Tesla Autopilot probe, US prosecutors focus on securities, wire fraud

How Volvo landed a cheap Chinese EV on U.S. shores in a trade war

Insight: Why BYD's EV exports sell for twice the China price

Soaring insurance costs hit as US buyers get a break on car prices

Exclusive: Tesla scraps low-cost car plans amid fierce Chinese EV competition

Overcapacity? China says its industries are simply more competitive

Tesla blamed drivers for failures of parts it long knew were defective
Event
29-30 April · Stuttgart
Event
3-4 June · San Diego
Event
15-16 October · Amsterdam
Event
29-30 October · Detroit
Reuters, the news and media division of Thomson Reuters, is the world’s largest multimedia news provider, reaching billions of people worldwide every day. Reuters provides business, financial, national and international news to professionals via desktop terminals, the world's media organizations, industry events and directly to consumers.
Access unmatched financial data, news and content in a highly-customised workflow experience on desktop, web and mobile.
Browse an unrivalled portfolio of real-time and historical market data and insights from worldwide sources and experts.
Screen for heightened risk individual and entities globally to help uncover hidden risks in business relationships and human networks.
All quotes delayed a minimum of 15 minutes. See here for a complete list of exchanges and delays.
© 2025 Reuters. All rights reserved",,,,,,,,,2025-09-11T00:15:59
news,reuters_world,,https://www.reuters.com/business/davos/,https://www.reuters.com/business/davos/,,"Heard in Davos: What we learned from the WEF in 2025
· January 27, 2025 · 1:00 AM UTC
U.S. President Donald Trump makes a special address remotely during the 55th annual World Economic Forum (WEF) meeting in Davos, Switzerland, January 23, 2025. REUTERS/Yves Herman/File Photo
World leaders and business executives left the Swiss mountain resort of Davos after a week of discussions dominated from a distance by Donald Trump's return as U.S. President.",,,,,,,,,2025-09-11T00:16:01
news,reuters_world,,https://www.reuters.com/business/energy/,https://www.reuters.com/business/energy/,,"Oil prices settled higher on Wednesday by more than $1 a barrel as investors worried about possible supply disruptions after Polanddowned drones in its airspace and the U.S.pushed for new sanctions on buyers of Russian oil the day after an Israeli attack in Qatar, but a report showing swelling U.S. supplies capped gains.
Will Norway's Greens phase out country's oil sector after election?

Why E20 fuel is causing angst in India's auto market

Global oil and gas company layoffs in 2024 and 2025

What is Russia's Power of Siberia pipeline 2 to China?

Russia's growing energy ties with China since the Ukraine war

Why India's Russian oil imports sparked US tariffs

Trump's moves to dismantle the US wind and solar energy industries
Event
16-17 September · Pittsburgh
Event
13 October · Singapore
Event
20-21 October · London, UK
Event
9-10 December · Houston, TX
Activist investor Elliott Management, a shareholder in Kansai Electric Power , said the Japanese utility could become a more attractive long-term investment by selling non-core assets and boosting profitability and shareholder returns.
Neil Ford
Mark Shenk
Eduardo Garcia
Juliana Ennes
Reuters, the news and media division of Thomson Reuters, is the world’s largest multimedia news provider, reaching billions of people worldwide every day. Reuters provides business, financial, national and international news to professionals via desktop terminals, the world's media organizations, industry events and directly to consumers.
Access unmatched financial data, news and content in a highly-customised workflow experience on desktop, web and mobile.
Browse an unrivalled portfolio of real-time and historical market data and insights from worldwide sources and experts.
Screen for heightened risk individual and entities globally to help uncover hidden risks in business relationships and human networks.
All quotes delayed a minimum of 15 minutes. See here for a complete list of exchanges and delays.
© 2025 Reuters. All rights reserved",,,,,,,,,2025-09-11T00:16:03
news,reuters_world,,https://www.reuters.com/business/environment/,https://www.reuters.com/business/environment/,,"Floods in Indonesia's Bali kill at least nine, officials say
· September 10, 2025 · 9:01 PM UTC · Updated  ago
People carrying their belongings wade through a flooded street following overnight heavy rains in Legian, Badung, Bali, Indonesia September 10, 2025. REUTERS/Dicky Bisinglasi
Floods on Indonesia's holiday island of Bali have killed at least nine this week and affected 600 people, blocking off major roads in the capital and disrupting a busy travel destination, officials said on Wednesday.",,,,,,,,,2025-09-11T00:16:05
news,reuters_world,,https://www.reuters.com/business/finance/,https://www.reuters.com/business/finance/,,"Finance
category
·
September 10, 2025
·  ago
Zambia's high court has ruled that Standard Chartered does not have to pay $500,000 compensation to a former client it sold a now-defaulted Chinese property bond to at the height of the Asian country's real-estate crisis.",,,,,,,,,2025-09-11T00:16:07
news,reuters_world,,https://www.reuters.com/business/healthcare-pharmaceuticals/,https://www.reuters.com/business/healthcare-pharmaceuticals/,,"The administration, while still in the process of setting new vaccination policies, has signaled that young and healthy people and pregnant women shouldn't get shots for the COVID-19 virus.
As Novo Nordisk ramps up lawsuits over Wegovy copies, investors ask where is Hims ?

Trump, pharma industry discuss boosting medicine spending abroad to cut US prices, sources say

Global childhood vaccination shows slight improvement but challenges remain

Meet the Americans who make their own weight-loss drugs

How Novo Nordisk misread the US market for its weight loss sensation
Event
October 28-29 · Chicago
Event
March 16-17 · Philadelphia
Event
April 22-24 · Barcelona
Event
May · Nashville
Reuters, the news and media division of Thomson Reuters, is the world’s largest multimedia news provider, reaching billions of people worldwide every day. Reuters provides business, financial, national and international news to professionals via desktop terminals, the world's media organizations, industry events and directly to consumers.
Access unmatched financial data, news and content in a highly-customised workflow experience on desktop, web and mobile.
Browse an unrivalled portfolio of real-time and historical market data and insights from worldwide sources and experts.
Screen for heightened risk individual and entities globally to help uncover hidden risks in business relationships and human networks.
All quotes delayed a minimum of 15 minutes. See here for a complete list of exchanges and delays.
© 2025 Reuters. All rights reserved",,,,,,,,,2025-09-11T00:16:09
news,reuters_world,,https://www.reuters.com/business/media-telecom/,https://www.reuters.com/business/media-telecom/,,"Media & Telecom
category
·
September 10, 2025
·  ago
Fox Corp CEO Lachlan Murdoch said on Wednesday the settlement over the Murdoch Family Trust is ""great news for investors"" and will provide clarity and continuity to the company's strategy, in his first public remarks since the agreement.",,,,,,,,,2025-09-11T00:16:11
news,reuters_world,,https://www.reuters.com/business/retail-consumer/,https://www.reuters.com/business/retail-consumer/,,"Retail & Consumer
category
·
September 10, 2025
·  ago
Kering said on Wednesday that it will not fully buy Italian fashion brand Valentino until at least 2028, its first major move under new CEO Luca de Meo, pushing back the execution of an expensive deal that has been weighing on the heavily indebted group.",,,,,,,,,2025-09-11T00:16:13
news,reuters_world,,https://www.reuters.com/business/future-of-health/,https://www.reuters.com/business/future-of-health/,,"Just 1 in 4 Americans think vaccine policy shifts are based on science, Reuters/Ipsos poll finds
· September 10, 2025 · 9:41 PM UTC · Updated  ago
A sign advertises free flu and COVID-19 vaccinations at a CVS Pharmacy in New York City, New York, U.S., September 5, 2025. REUTERS/Kylie Cooper/File Photo
The administration, while still in the process of setting new vaccination policies, has signaled that young and healthy people and pregnant women shouldn't get shots for the COVID-19 virus.",,,,,,,,,2025-09-11T00:16:15
news,reuters_world,,https://www.reuters.com/business/future-of-money/,https://www.reuters.com/business/future-of-money/,,"Investors retreat as shares in bitcoin buyers decline
· September 10, 2025 · 6:36 PM UTC · Updated  ago
Visitors walk near Metaplanet’s booth during the Bitcoin Asia conference in Hong Kong, China, August 28, 2025. REUTERS/Tyrone Siu/File Photo
Companies that accumulate and hoard bitcoin and other cryptocurrencies have suffered sharp drops in their share prices as the crypto mania that has gripped investors for much of the year recedes.",,,,,,,,,2025-09-11T00:16:17
news,reuters_world,,https://www.reuters.com/business/take-five/,https://www.reuters.com/business/take-five/,,"Take Five: Winds of Change
· September 8, 2025 · 7:57 AM UTC
An eagle tops the U.S. Federal Reserve building's facade in Washington, July 31, 2013. REUTERS/Jonathan Ernst/File Photo
The prospect of a change in leadership and policy making at the U.S. Federal Reserve, in France, Japan and Norway will keep markets on alert, while the European Central Bank meets and investors brace for data from the U.S., China and Japan.",,,,,,,,,2025-09-11T00:16:20
